model_id,datetime,reference_datetime,site_id,family,parameter,variable,prediction
wtemp_clim_model,2023-01-13,2023-01-12,BARC,normal,mu,temperature,NA
wtemp_clim_model,2023-01-13,2023-01-12,BARC,normal,sigma,temperature,2.025559589137319
wtemp_clim_model,2023-01-14,2023-01-12,BARC,normal,mu,temperature,NA
wtemp_clim_model,2023-01-14,2023-01-12,BARC,normal,sigma,temperature,2.025559589137319
wtemp_clim_model,2023-01-15,2023-01-12,BARC,normal,mu,temperature,NA
wtemp_clim_model,2023-01-15,2023-01-12,BARC,normal,sigma,temperature,2.025559589137319
wtemp_clim_model,2023-01-16,2023-01-12,BARC,normal,mu,temperature,NA
wtemp_clim_model,2023-01-16,2023-01-12,BARC,normal,sigma,temperature,2.025559589137319
wtemp_clim_model,2023-01-17,2023-01-12,BARC,normal,mu,temperature,NA
wtemp_clim_model,2023-01-17,2023-01-12,BARC,normal,sigma,temperature,2.025559589137319
wtemp_clim_model,2023-01-18,2023-01-12,BARC,normal,mu,temperature,NA
wtemp_clim_model,2023-01-18,2023-01-12,BARC,normal,sigma,temperature,2.025559589137319
wtemp_clim_model,2023-01-19,2023-01-12,BARC,normal,mu,temperature,NA
wtemp_clim_model,2023-01-19,2023-01-12,BARC,normal,sigma,temperature,2.025559589137319
wtemp_clim_model,2023-01-20,2023-01-12,BARC,normal,mu,temperature,NA
wtemp_clim_model,2023-01-20,2023-01-12,BARC,normal,sigma,temperature,2.025559589137319
wtemp_clim_model,2023-01-21,2023-01-12,BARC,normal,mu,temperature,NA
wtemp_clim_model,2023-01-21,2023-01-12,BARC,normal,sigma,temperature,2.025559589137319
wtemp_clim_model,2023-01-22,2023-01-12,BARC,normal,mu,temperature,NA
wtemp_clim_model,2023-01-22,2023-01-12,BARC,normal,sigma,temperature,2.025559589137319
wtemp_clim_model,2023-01-23,2023-01-12,BARC,normal,mu,temperature,NA
wtemp_clim_model,2023-01-23,2023-01-12,BARC,normal,sigma,temperature,2.025559589137319
wtemp_clim_model,2023-01-24,2023-01-12,BARC,normal,mu,temperature,NA
wtemp_clim_model,2023-01-24,2023-01-12,BARC,normal,sigma,temperature,2.025559589137319
wtemp_clim_model,2023-01-25,2023-01-12,BARC,normal,mu,temperature,14.524473684210529
wtemp_clim_model,2023-01-25,2023-01-12,BARC,normal,sigma,temperature,2.025559589137319
wtemp_clim_model,2023-01-26,2023-01-12,BARC,normal,mu,temperature,14.382651515151515
wtemp_clim_model,2023-01-26,2023-01-12,BARC,normal,sigma,temperature,2.025559589137319
wtemp_clim_model,2023-01-27,2023-01-12,BARC,normal,mu,temperature,14.349928571428572
wtemp_clim_model,2023-01-27,2023-01-12,BARC,normal,sigma,temperature,2.025559589137319
wtemp_clim_model,2023-01-28,2023-01-12,BARC,normal,mu,temperature,14.415820895522389
wtemp_clim_model,2023-01-28,2023-01-12,BARC,normal,sigma,temperature,2.025559589137319
wtemp_clim_model,2023-01-29,2023-01-12,BARC,normal,mu,temperature,14.069375
wtemp_clim_model,2023-01-29,2023-01-12,BARC,normal,sigma,temperature,2.025559589137319
wtemp_clim_model,2023-01-30,2023-01-12,BARC,normal,mu,temperature,13.598472222222222
wtemp_clim_model,2023-01-30,2023-01-12,BARC,normal,sigma,temperature,2.025559589137319
wtemp_clim_model,2023-01-31,2023-01-12,BARC,normal,mu,temperature,13.48676056338028
wtemp_clim_model,2023-01-31,2023-01-12,BARC,normal,sigma,temperature,2.025559589137319
wtemp_clim_model,2023-02-01,2023-01-12,BARC,normal,mu,temperature,13.805069444444444
wtemp_clim_model,2023-02-01,2023-01-12,BARC,normal,sigma,temperature,2.025559589137319
wtemp_clim_model,2023-02-02,2023-01-12,BARC,normal,mu,temperature,14.03486111111111
wtemp_clim_model,2023-02-02,2023-01-12,BARC,normal,sigma,temperature,2.025559589137319
wtemp_clim_model,2023-02-03,2023-01-12,BARC,normal,mu,temperature,14.874375
wtemp_clim_model,2023-02-03,2023-01-12,BARC,normal,sigma,temperature,2.025559589137319
wtemp_clim_model,2023-02-04,2023-01-12,BARC,normal,mu,temperature,16.081971830985914
wtemp_clim_model,2023-02-04,2023-01-12,BARC,normal,sigma,temperature,2.025559589137319
wtemp_clim_model,2023-02-05,2023-01-12,BARC,normal,mu,temperature,16.9131884057971
wtemp_clim_model,2023-02-05,2023-01-12,BARC,normal,sigma,temperature,2.025559589137319
wtemp_clim_model,2023-02-06,2023-01-12,BARC,normal,mu,temperature,15.907714285714286
wtemp_clim_model,2023-02-06,2023-01-12,BARC,normal,sigma,temperature,2.025559589137319
wtemp_clim_model,2023-02-07,2023-01-12,BARC,normal,mu,temperature,15.127428571428572
wtemp_clim_model,2023-02-07,2023-01-12,BARC,normal,sigma,temperature,2.025559589137319
wtemp_clim_model,2023-02-08,2023-01-12,BARC,normal,mu,temperature,14.790307692307692
wtemp_clim_model,2023-02-08,2023-01-12,BARC,normal,sigma,temperature,2.025559589137319
wtemp_clim_model,2023-02-09,2023-01-12,BARC,normal,mu,temperature,14.64638888888889
wtemp_clim_model,2023-02-09,2023-01-12,BARC,normal,sigma,temperature,2.025559589137319
wtemp_clim_model,2023-02-10,2023-01-12,BARC,normal,mu,temperature,14.828680555555556
wtemp_clim_model,2023-02-10,2023-01-12,BARC,normal,sigma,temperature,2.025559589137319
wtemp_clim_model,2023-02-11,2023-01-12,BARC,normal,mu,temperature,15.181875
wtemp_clim_model,2023-02-11,2023-01-12,BARC,normal,sigma,temperature,2.025559589137319
wtemp_clim_model,2023-01-13,2023-01-12,CRAM,normal,mu,temperature,NA
wtemp_clim_model,2023-01-13,2023-01-12,CRAM,normal,sigma,temperature,2.8826390190586038
wtemp_clim_model,2023-01-14,2023-01-12,CRAM,normal,mu,temperature,NA
wtemp_clim_model,2023-01-14,2023-01-12,CRAM,normal,sigma,temperature,2.8826390190586038
wtemp_clim_model,2023-01-15,2023-01-12,CRAM,normal,mu,temperature,NA
wtemp_clim_model,2023-01-15,2023-01-12,CRAM,normal,sigma,temperature,2.8826390190586038
wtemp_clim_model,2023-01-16,2023-01-12,CRAM,normal,mu,temperature,NA
wtemp_clim_model,2023-01-16,2023-01-12,CRAM,normal,sigma,temperature,2.8826390190586038
wtemp_clim_model,2023-01-17,2023-01-12,CRAM,normal,mu,temperature,NA
wtemp_clim_model,2023-01-17,2023-01-12,CRAM,normal,sigma,temperature,2.8826390190586038
wtemp_clim_model,2023-01-18,2023-01-12,CRAM,normal,mu,temperature,NA
wtemp_clim_model,2023-01-18,2023-01-12,CRAM,normal,sigma,temperature,2.8826390190586038
wtemp_clim_model,2023-01-19,2023-01-12,CRAM,normal,mu,temperature,NA
wtemp_clim_model,2023-01-19,2023-01-12,CRAM,normal,sigma,temperature,2.8826390190586038
wtemp_clim_model,2023-01-20,2023-01-12,CRAM,normal,mu,temperature,NA
wtemp_clim_model,2023-01-20,2023-01-12,CRAM,normal,sigma,temperature,2.8826390190586038
wtemp_clim_model,2023-01-21,2023-01-12,CRAM,normal,mu,temperature,NA
wtemp_clim_model,2023-01-21,2023-01-12,CRAM,normal,sigma,temperature,2.8826390190586038
wtemp_clim_model,2023-01-22,2023-01-12,CRAM,normal,mu,temperature,NA
wtemp_clim_model,2023-01-22,2023-01-12,CRAM,normal,sigma,temperature,2.8826390190586038
wtemp_clim_model,2023-01-23,2023-01-12,CRAM,normal,mu,temperature,NA
wtemp_clim_model,2023-01-23,2023-01-12,CRAM,normal,sigma,temperature,2.8826390190586038
wtemp_clim_model,2023-01-24,2023-01-12,CRAM,normal,mu,temperature,NA
wtemp_clim_model,2023-01-24,2023-01-12,CRAM,normal,sigma,temperature,2.8826390190586038
wtemp_clim_model,2023-01-25,2023-01-12,CRAM,normal,mu,temperature,NA
wtemp_clim_model,2023-01-25,2023-01-12,CRAM,normal,sigma,temperature,2.8826390190586038
wtemp_clim_model,2023-01-26,2023-01-12,CRAM,normal,mu,temperature,NA
wtemp_clim_model,2023-01-26,2023-01-12,CRAM,normal,sigma,temperature,2.8826390190586038
wtemp_clim_model,2023-01-27,2023-01-12,CRAM,normal,mu,temperature,NA
wtemp_clim_model,2023-01-27,2023-01-12,CRAM,normal,sigma,temperature,2.8826390190586038
wtemp_clim_model,2023-01-28,2023-01-12,CRAM,normal,mu,temperature,NA
wtemp_clim_model,2023-01-28,2023-01-12,CRAM,normal,sigma,temperature,2.8826390190586038
wtemp_clim_model,2023-01-29,2023-01-12,CRAM,normal,mu,temperature,NA
wtemp_clim_model,2023-01-29,2023-01-12,CRAM,normal,sigma,temperature,2.8826390190586038
wtemp_clim_model,2023-01-30,2023-01-12,CRAM,normal,mu,temperature,NA
wtemp_clim_model,2023-01-30,2023-01-12,CRAM,normal,sigma,temperature,2.8826390190586038
wtemp_clim_model,2023-01-31,2023-01-12,CRAM,normal,mu,temperature,NA
wtemp_clim_model,2023-01-31,2023-01-12,CRAM,normal,sigma,temperature,2.8826390190586038
wtemp_clim_model,2023-02-01,2023-01-12,CRAM,normal,mu,temperature,NA
wtemp_clim_model,2023-02-01,2023-01-12,CRAM,normal,sigma,temperature,2.8826390190586038
wtemp_clim_model,2023-02-02,2023-01-12,CRAM,normal,mu,temperature,NA
wtemp_clim_model,2023-02-02,2023-01-12,CRAM,normal,sigma,temperature,2.8826390190586038
wtemp_clim_model,2023-02-03,2023-01-12,CRAM,normal,mu,temperature,NA
wtemp_clim_model,2023-02-03,2023-01-12,CRAM,normal,sigma,temperature,2.8826390190586038
wtemp_clim_model,2023-02-04,2023-01-12,CRAM,normal,mu,temperature,NA
wtemp_clim_model,2023-02-04,2023-01-12,CRAM,normal,sigma,temperature,2.8826390190586038
wtemp_clim_model,2023-02-05,2023-01-12,CRAM,normal,mu,temperature,NA
wtemp_clim_model,2023-02-05,2023-01-12,CRAM,normal,sigma,temperature,2.8826390190586038
wtemp_clim_model,2023-02-06,2023-01-12,CRAM,normal,mu,temperature,NA
wtemp_clim_model,2023-02-06,2023-01-12,CRAM,normal,sigma,temperature,2.8826390190586038
wtemp_clim_model,2023-02-07,2023-01-12,CRAM,normal,mu,temperature,NA
wtemp_clim_model,2023-02-07,2023-01-12,CRAM,normal,sigma,temperature,2.8826390190586038
wtemp_clim_model,2023-02-08,2023-01-12,CRAM,normal,mu,temperature,NA
wtemp_clim_model,2023-02-08,2023-01-12,CRAM,normal,sigma,temperature,2.8826390190586038
wtemp_clim_model,2023-02-09,2023-01-12,CRAM,normal,mu,temperature,NA
wtemp_clim_model,2023-02-09,2023-01-12,CRAM,normal,sigma,temperature,2.8826390190586038
wtemp_clim_model,2023-02-10,2023-01-12,CRAM,normal,mu,temperature,NA
wtemp_clim_model,2023-02-10,2023-01-12,CRAM,normal,sigma,temperature,2.8826390190586038
wtemp_clim_model,2023-02-11,2023-01-12,CRAM,normal,mu,temperature,NA
wtemp_clim_model,2023-02-11,2023-01-12,CRAM,normal,sigma,temperature,2.8826390190586038
wtemp_clim_model,2023-01-13,2023-01-12,LIRO,normal,mu,temperature,NA
wtemp_clim_model,2023-01-13,2023-01-12,LIRO,normal,sigma,temperature,2.730148710370712
wtemp_clim_model,2023-01-14,2023-01-12,LIRO,normal,mu,temperature,NA
wtemp_clim_model,2023-01-14,2023-01-12,LIRO,normal,sigma,temperature,2.730148710370712
wtemp_clim_model,2023-01-15,2023-01-12,LIRO,normal,mu,temperature,NA
wtemp_clim_model,2023-01-15,2023-01-12,LIRO,normal,sigma,temperature,2.730148710370712
wtemp_clim_model,2023-01-16,2023-01-12,LIRO,normal,mu,temperature,NA
wtemp_clim_model,2023-01-16,2023-01-12,LIRO,normal,sigma,temperature,2.730148710370712
wtemp_clim_model,2023-01-17,2023-01-12,LIRO,normal,mu,temperature,NA
wtemp_clim_model,2023-01-17,2023-01-12,LIRO,normal,sigma,temperature,2.730148710370712
wtemp_clim_model,2023-01-18,2023-01-12,LIRO,normal,mu,temperature,NA
wtemp_clim_model,2023-01-18,2023-01-12,LIRO,normal,sigma,temperature,2.730148710370712
wtemp_clim_model,2023-01-19,2023-01-12,LIRO,normal,mu,temperature,NA
wtemp_clim_model,2023-01-19,2023-01-12,LIRO,normal,sigma,temperature,2.730148710370712
wtemp_clim_model,2023-01-20,2023-01-12,LIRO,normal,mu,temperature,NA
wtemp_clim_model,2023-01-20,2023-01-12,LIRO,normal,sigma,temperature,2.730148710370712
wtemp_clim_model,2023-01-21,2023-01-12,LIRO,normal,mu,temperature,NA
wtemp_clim_model,2023-01-21,2023-01-12,LIRO,normal,sigma,temperature,2.730148710370712
wtemp_clim_model,2023-01-22,2023-01-12,LIRO,normal,mu,temperature,NA
wtemp_clim_model,2023-01-22,2023-01-12,LIRO,normal,sigma,temperature,2.730148710370712
wtemp_clim_model,2023-01-23,2023-01-12,LIRO,normal,mu,temperature,NA
wtemp_clim_model,2023-01-23,2023-01-12,LIRO,normal,sigma,temperature,2.730148710370712
wtemp_clim_model,2023-01-24,2023-01-12,LIRO,normal,mu,temperature,NA
wtemp_clim_model,2023-01-24,2023-01-12,LIRO,normal,sigma,temperature,2.730148710370712
wtemp_clim_model,2023-01-25,2023-01-12,LIRO,normal,mu,temperature,NA
wtemp_clim_model,2023-01-25,2023-01-12,LIRO,normal,sigma,temperature,2.730148710370712
wtemp_clim_model,2023-01-26,2023-01-12,LIRO,normal,mu,temperature,NA
wtemp_clim_model,2023-01-26,2023-01-12,LIRO,normal,sigma,temperature,2.730148710370712
wtemp_clim_model,2023-01-27,2023-01-12,LIRO,normal,mu,temperature,NA
wtemp_clim_model,2023-01-27,2023-01-12,LIRO,normal,sigma,temperature,2.730148710370712
wtemp_clim_model,2023-01-28,2023-01-12,LIRO,normal,mu,temperature,NA
wtemp_clim_model,2023-01-28,2023-01-12,LIRO,normal,sigma,temperature,2.730148710370712
wtemp_clim_model,2023-01-29,2023-01-12,LIRO,normal,mu,temperature,NA
wtemp_clim_model,2023-01-29,2023-01-12,LIRO,normal,sigma,temperature,2.730148710370712
wtemp_clim_model,2023-01-30,2023-01-12,LIRO,normal,mu,temperature,NA
wtemp_clim_model,2023-01-30,2023-01-12,LIRO,normal,sigma,temperature,2.730148710370712
wtemp_clim_model,2023-01-31,2023-01-12,LIRO,normal,mu,temperature,NA
wtemp_clim_model,2023-01-31,2023-01-12,LIRO,normal,sigma,temperature,2.730148710370712
wtemp_clim_model,2023-02-01,2023-01-12,LIRO,normal,mu,temperature,NA
wtemp_clim_model,2023-02-01,2023-01-12,LIRO,normal,sigma,temperature,2.730148710370712
wtemp_clim_model,2023-02-02,2023-01-12,LIRO,normal,mu,temperature,NA
wtemp_clim_model,2023-02-02,2023-01-12,LIRO,normal,sigma,temperature,2.730148710370712
wtemp_clim_model,2023-02-03,2023-01-12,LIRO,normal,mu,temperature,NA
wtemp_clim_model,2023-02-03,2023-01-12,LIRO,normal,sigma,temperature,2.730148710370712
wtemp_clim_model,2023-02-04,2023-01-12,LIRO,normal,mu,temperature,NA
wtemp_clim_model,2023-02-04,2023-01-12,LIRO,normal,sigma,temperature,2.730148710370712
wtemp_clim_model,2023-02-05,2023-01-12,LIRO,normal,mu,temperature,NA
wtemp_clim_model,2023-02-05,2023-01-12,LIRO,normal,sigma,temperature,2.730148710370712
wtemp_clim_model,2023-02-06,2023-01-12,LIRO,normal,mu,temperature,NA
wtemp_clim_model,2023-02-06,2023-01-12,LIRO,normal,sigma,temperature,2.730148710370712
wtemp_clim_model,2023-02-07,2023-01-12,LIRO,normal,mu,temperature,NA
wtemp_clim_model,2023-02-07,2023-01-12,LIRO,normal,sigma,temperature,2.730148710370712
wtemp_clim_model,2023-02-08,2023-01-12,LIRO,normal,mu,temperature,NA
wtemp_clim_model,2023-02-08,2023-01-12,LIRO,normal,sigma,temperature,2.730148710370712
wtemp_clim_model,2023-02-09,2023-01-12,LIRO,normal,mu,temperature,NA
wtemp_clim_model,2023-02-09,2023-01-12,LIRO,normal,sigma,temperature,2.730148710370712
wtemp_clim_model,2023-02-10,2023-01-12,LIRO,normal,mu,temperature,NA
wtemp_clim_model,2023-02-10,2023-01-12,LIRO,normal,sigma,temperature,2.730148710370712
wtemp_clim_model,2023-02-11,2023-01-12,LIRO,normal,mu,temperature,NA
wtemp_clim_model,2023-02-11,2023-01-12,LIRO,normal,sigma,temperature,2.730148710370712
wtemp_clim_model,2023-01-13,2023-01-12,PRLA,normal,mu,temperature,NA
wtemp_clim_model,2023-01-13,2023-01-12,PRLA,normal,sigma,temperature,7.464824535657557
wtemp_clim_model,2023-01-14,2023-01-12,PRLA,normal,mu,temperature,NA
wtemp_clim_model,2023-01-14,2023-01-12,PRLA,normal,sigma,temperature,7.464824535657557
wtemp_clim_model,2023-01-15,2023-01-12,PRLA,normal,mu,temperature,NA
wtemp_clim_model,2023-01-15,2023-01-12,PRLA,normal,sigma,temperature,7.464824535657557
wtemp_clim_model,2023-01-16,2023-01-12,PRLA,normal,mu,temperature,NA
wtemp_clim_model,2023-01-16,2023-01-12,PRLA,normal,sigma,temperature,7.464824535657557
wtemp_clim_model,2023-01-17,2023-01-12,PRLA,normal,mu,temperature,NA
wtemp_clim_model,2023-01-17,2023-01-12,PRLA,normal,sigma,temperature,7.464824535657557
wtemp_clim_model,2023-01-18,2023-01-12,PRLA,normal,mu,temperature,NA
wtemp_clim_model,2023-01-18,2023-01-12,PRLA,normal,sigma,temperature,7.464824535657557
wtemp_clim_model,2023-01-19,2023-01-12,PRLA,normal,mu,temperature,NA
wtemp_clim_model,2023-01-19,2023-01-12,PRLA,normal,sigma,temperature,7.464824535657557
wtemp_clim_model,2023-01-20,2023-01-12,PRLA,normal,mu,temperature,NA
wtemp_clim_model,2023-01-20,2023-01-12,PRLA,normal,sigma,temperature,7.464824535657557
wtemp_clim_model,2023-01-21,2023-01-12,PRLA,normal,mu,temperature,NA
wtemp_clim_model,2023-01-21,2023-01-12,PRLA,normal,sigma,temperature,7.464824535657557
wtemp_clim_model,2023-01-22,2023-01-12,PRLA,normal,mu,temperature,NA
wtemp_clim_model,2023-01-22,2023-01-12,PRLA,normal,sigma,temperature,7.464824535657557
wtemp_clim_model,2023-01-23,2023-01-12,PRLA,normal,mu,temperature,NA
wtemp_clim_model,2023-01-23,2023-01-12,PRLA,normal,sigma,temperature,7.464824535657557
wtemp_clim_model,2023-01-24,2023-01-12,PRLA,normal,mu,temperature,NA
wtemp_clim_model,2023-01-24,2023-01-12,PRLA,normal,sigma,temperature,7.464824535657557
wtemp_clim_model,2023-01-25,2023-01-12,PRLA,normal,mu,temperature,NA
wtemp_clim_model,2023-01-25,2023-01-12,PRLA,normal,sigma,temperature,7.464824535657557
wtemp_clim_model,2023-01-26,2023-01-12,PRLA,normal,mu,temperature,NA
wtemp_clim_model,2023-01-26,2023-01-12,PRLA,normal,sigma,temperature,7.464824535657557
wtemp_clim_model,2023-01-27,2023-01-12,PRLA,normal,mu,temperature,NA
wtemp_clim_model,2023-01-27,2023-01-12,PRLA,normal,sigma,temperature,7.464824535657557
wtemp_clim_model,2023-01-28,2023-01-12,PRLA,normal,mu,temperature,NA
wtemp_clim_model,2023-01-28,2023-01-12,PRLA,normal,sigma,temperature,7.464824535657557
wtemp_clim_model,2023-01-29,2023-01-12,PRLA,normal,mu,temperature,NA
wtemp_clim_model,2023-01-29,2023-01-12,PRLA,normal,sigma,temperature,7.464824535657557
wtemp_clim_model,2023-01-30,2023-01-12,PRLA,normal,mu,temperature,NA
wtemp_clim_model,2023-01-30,2023-01-12,PRLA,normal,sigma,temperature,7.464824535657557
wtemp_clim_model,2023-01-31,2023-01-12,PRLA,normal,mu,temperature,NA
wtemp_clim_model,2023-01-31,2023-01-12,PRLA,normal,sigma,temperature,7.464824535657557
wtemp_clim_model,2023-02-01,2023-01-12,PRLA,normal,mu,temperature,NA
wtemp_clim_model,2023-02-01,2023-01-12,PRLA,normal,sigma,temperature,7.464824535657557
wtemp_clim_model,2023-02-02,2023-01-12,PRLA,normal,mu,temperature,NA
wtemp_clim_model,2023-02-02,2023-01-12,PRLA,normal,sigma,temperature,7.464824535657557
wtemp_clim_model,2023-02-03,2023-01-12,PRLA,normal,mu,temperature,NA
wtemp_clim_model,2023-02-03,2023-01-12,PRLA,normal,sigma,temperature,7.464824535657557
wtemp_clim_model,2023-02-04,2023-01-12,PRLA,normal,mu,temperature,NA
wtemp_clim_model,2023-02-04,2023-01-12,PRLA,normal,sigma,temperature,7.464824535657557
wtemp_clim_model,2023-02-05,2023-01-12,PRLA,normal,mu,temperature,NA
wtemp_clim_model,2023-02-05,2023-01-12,PRLA,normal,sigma,temperature,7.464824535657557
wtemp_clim_model,2023-02-06,2023-01-12,PRLA,normal,mu,temperature,NA
wtemp_clim_model,2023-02-06,2023-01-12,PRLA,normal,sigma,temperature,7.464824535657557
wtemp_clim_model,2023-02-07,2023-01-12,PRLA,normal,mu,temperature,NA
wtemp_clim_model,2023-02-07,2023-01-12,PRLA,normal,sigma,temperature,7.464824535657557
wtemp_clim_model,2023-02-08,2023-01-12,PRLA,normal,mu,temperature,NA
wtemp_clim_model,2023-02-08,2023-01-12,PRLA,normal,sigma,temperature,7.464824535657557
wtemp_clim_model,2023-02-09,2023-01-12,PRLA,normal,mu,temperature,NA
wtemp_clim_model,2023-02-09,2023-01-12,PRLA,normal,sigma,temperature,7.464824535657557
wtemp_clim_model,2023-02-10,2023-01-12,PRLA,normal,mu,temperature,NA
wtemp_clim_model,2023-02-10,2023-01-12,PRLA,normal,sigma,temperature,7.464824535657557
wtemp_clim_model,2023-02-11,2023-01-12,PRLA,normal,mu,temperature,NA
wtemp_clim_model,2023-02-11,2023-01-12,PRLA,normal,sigma,temperature,7.464824535657557
wtemp_clim_model,2023-01-13,2023-01-12,PRPO,normal,mu,temperature,NA
wtemp_clim_model,2023-01-13,2023-01-12,PRPO,normal,sigma,temperature,2.9705426158471537
wtemp_clim_model,2023-01-14,2023-01-12,PRPO,normal,mu,temperature,NA
wtemp_clim_model,2023-01-14,2023-01-12,PRPO,normal,sigma,temperature,2.9705426158471537
wtemp_clim_model,2023-01-15,2023-01-12,PRPO,normal,mu,temperature,NA
wtemp_clim_model,2023-01-15,2023-01-12,PRPO,normal,sigma,temperature,2.9705426158471537
wtemp_clim_model,2023-01-16,2023-01-12,PRPO,normal,mu,temperature,NA
wtemp_clim_model,2023-01-16,2023-01-12,PRPO,normal,sigma,temperature,2.9705426158471537
wtemp_clim_model,2023-01-17,2023-01-12,PRPO,normal,mu,temperature,NA
wtemp_clim_model,2023-01-17,2023-01-12,PRPO,normal,sigma,temperature,2.9705426158471537
wtemp_clim_model,2023-01-18,2023-01-12,PRPO,normal,mu,temperature,NA
wtemp_clim_model,2023-01-18,2023-01-12,PRPO,normal,sigma,temperature,2.9705426158471537
wtemp_clim_model,2023-01-19,2023-01-12,PRPO,normal,mu,temperature,NA
wtemp_clim_model,2023-01-19,2023-01-12,PRPO,normal,sigma,temperature,2.9705426158471537
wtemp_clim_model,2023-01-20,2023-01-12,PRPO,normal,mu,temperature,NA
wtemp_clim_model,2023-01-20,2023-01-12,PRPO,normal,sigma,temperature,2.9705426158471537
wtemp_clim_model,2023-01-21,2023-01-12,PRPO,normal,mu,temperature,NA
wtemp_clim_model,2023-01-21,2023-01-12,PRPO,normal,sigma,temperature,2.9705426158471537
wtemp_clim_model,2023-01-22,2023-01-12,PRPO,normal,mu,temperature,NA
wtemp_clim_model,2023-01-22,2023-01-12,PRPO,normal,sigma,temperature,2.9705426158471537
wtemp_clim_model,2023-01-23,2023-01-12,PRPO,normal,mu,temperature,NA
wtemp_clim_model,2023-01-23,2023-01-12,PRPO,normal,sigma,temperature,2.9705426158471537
wtemp_clim_model,2023-01-24,2023-01-12,PRPO,normal,mu,temperature,NA
wtemp_clim_model,2023-01-24,2023-01-12,PRPO,normal,sigma,temperature,2.9705426158471537
wtemp_clim_model,2023-01-25,2023-01-12,PRPO,normal,mu,temperature,NA
wtemp_clim_model,2023-01-25,2023-01-12,PRPO,normal,sigma,temperature,2.9705426158471537
wtemp_clim_model,2023-01-26,2023-01-12,PRPO,normal,mu,temperature,NA
wtemp_clim_model,2023-01-26,2023-01-12,PRPO,normal,sigma,temperature,2.9705426158471537
wtemp_clim_model,2023-01-27,2023-01-12,PRPO,normal,mu,temperature,NA
wtemp_clim_model,2023-01-27,2023-01-12,PRPO,normal,sigma,temperature,2.9705426158471537
wtemp_clim_model,2023-01-28,2023-01-12,PRPO,normal,mu,temperature,NA
wtemp_clim_model,2023-01-28,2023-01-12,PRPO,normal,sigma,temperature,2.9705426158471537
wtemp_clim_model,2023-01-29,2023-01-12,PRPO,normal,mu,temperature,NA
wtemp_clim_model,2023-01-29,2023-01-12,PRPO,normal,sigma,temperature,2.9705426158471537
wtemp_clim_model,2023-01-30,2023-01-12,PRPO,normal,mu,temperature,NA
wtemp_clim_model,2023-01-30,2023-01-12,PRPO,normal,sigma,temperature,2.9705426158471537
wtemp_clim_model,2023-01-31,2023-01-12,PRPO,normal,mu,temperature,NA
wtemp_clim_model,2023-01-31,2023-01-12,PRPO,normal,sigma,temperature,2.9705426158471537
wtemp_clim_model,2023-02-01,2023-01-12,PRPO,normal,mu,temperature,NA
wtemp_clim_model,2023-02-01,2023-01-12,PRPO,normal,sigma,temperature,2.9705426158471537
wtemp_clim_model,2023-02-02,2023-01-12,PRPO,normal,mu,temperature,NA
wtemp_clim_model,2023-02-02,2023-01-12,PRPO,normal,sigma,temperature,2.9705426158471537
wtemp_clim_model,2023-02-03,2023-01-12,PRPO,normal,mu,temperature,NA
wtemp_clim_model,2023-02-03,2023-01-12,PRPO,normal,sigma,temperature,2.9705426158471537
wtemp_clim_model,2023-02-04,2023-01-12,PRPO,normal,mu,temperature,NA
wtemp_clim_model,2023-02-04,2023-01-12,PRPO,normal,sigma,temperature,2.9705426158471537
wtemp_clim_model,2023-02-05,2023-01-12,PRPO,normal,mu,temperature,NA
wtemp_clim_model,2023-02-05,2023-01-12,PRPO,normal,sigma,temperature,2.9705426158471537
wtemp_clim_model,2023-02-06,2023-01-12,PRPO,normal,mu,temperature,NA
wtemp_clim_model,2023-02-06,2023-01-12,PRPO,normal,sigma,temperature,2.9705426158471537
wtemp_clim_model,2023-02-07,2023-01-12,PRPO,normal,mu,temperature,NA
wtemp_clim_model,2023-02-07,2023-01-12,PRPO,normal,sigma,temperature,2.9705426158471537
wtemp_clim_model,2023-02-08,2023-01-12,PRPO,normal,mu,temperature,NA
wtemp_clim_model,2023-02-08,2023-01-12,PRPO,normal,sigma,temperature,2.9705426158471537
wtemp_clim_model,2023-02-09,2023-01-12,PRPO,normal,mu,temperature,NA
wtemp_clim_model,2023-02-09,2023-01-12,PRPO,normal,sigma,temperature,2.9705426158471537
wtemp_clim_model,2023-02-10,2023-01-12,PRPO,normal,mu,temperature,NA
wtemp_clim_model,2023-02-10,2023-01-12,PRPO,normal,sigma,temperature,2.9705426158471537
wtemp_clim_model,2023-02-11,2023-01-12,PRPO,normal,mu,temperature,NA
wtemp_clim_model,2023-02-11,2023-01-12,PRPO,normal,sigma,temperature,2.9705426158471537
wtemp_clim_model,2023-01-13,2023-01-12,SUGG,normal,mu,temperature,17.376
wtemp_clim_model,2023-01-13,2023-01-12,SUGG,normal,sigma,temperature,2.4659420566160573
wtemp_clim_model,2023-01-14,2023-01-12,SUGG,normal,mu,temperature,16.684458333333332
wtemp_clim_model,2023-01-14,2023-01-12,SUGG,normal,sigma,temperature,2.4659420566160573
wtemp_clim_model,2023-01-15,2023-01-12,SUGG,normal,mu,temperature,16.264666666666667
wtemp_clim_model,2023-01-15,2023-01-12,SUGG,normal,sigma,temperature,2.4659420566160573
wtemp_clim_model,2023-01-16,2023-01-12,SUGG,normal,mu,temperature,16.009327731092437
wtemp_clim_model,2023-01-16,2023-01-12,SUGG,normal,sigma,temperature,2.4659420566160573
wtemp_clim_model,2023-01-17,2023-01-12,SUGG,normal,mu,temperature,15.257541666666668
wtemp_clim_model,2023-01-17,2023-01-12,SUGG,normal,sigma,temperature,2.4659420566160573
wtemp_clim_model,2023-01-18,2023-01-12,SUGG,normal,mu,temperature,14.475084033613443
wtemp_clim_model,2023-01-18,2023-01-12,SUGG,normal,sigma,temperature,2.4659420566160573
wtemp_clim_model,2023-01-19,2023-01-12,SUGG,normal,mu,temperature,14.216125
wtemp_clim_model,2023-01-19,2023-01-12,SUGG,normal,sigma,temperature,2.4659420566160573
wtemp_clim_model,2023-01-20,2023-01-12,SUGG,normal,mu,temperature,14.871176470588235
wtemp_clim_model,2023-01-20,2023-01-12,SUGG,normal,sigma,temperature,2.4659420566160573
wtemp_clim_model,2023-01-21,2023-01-12,SUGG,normal,mu,temperature,15.527245762711864
wtemp_clim_model,2023-01-21,2023-01-12,SUGG,normal,sigma,temperature,2.4659420566160573
wtemp_clim_model,2023-01-22,2023-01-12,SUGG,normal,mu,temperature,14.33875
wtemp_clim_model,2023-01-22,2023-01-12,SUGG,normal,sigma,temperature,2.4659420566160573
wtemp_clim_model,2023-01-23,2023-01-12,SUGG,normal,mu,temperature,13.132941176470588
wtemp_clim_model,2023-01-23,2023-01-12,SUGG,normal,sigma,temperature,2.4659420566160573
wtemp_clim_model,2023-01-24,2023-01-12,SUGG,normal,mu,temperature,12.737941176470589
wtemp_clim_model,2023-01-24,2023-01-12,SUGG,normal,sigma,temperature,2.4659420566160573
wtemp_clim_model,2023-01-25,2023-01-12,SUGG,normal,mu,temperature,12.87344537815126
wtemp_clim_model,2023-01-25,2023-01-12,SUGG,normal,sigma,temperature,2.4659420566160573
wtemp_clim_model,2023-01-26,2023-01-12,SUGG,normal,mu,temperature,12.862100840336137
wtemp_clim_model,2023-01-26,2023-01-12,SUGG,normal,sigma,temperature,2.4659420566160573
wtemp_clim_model,2023-01-27,2023-01-12,SUGG,normal,mu,temperature,12.960672268907564
wtemp_clim_model,2023-01-27,2023-01-12,SUGG,normal,sigma,temperature,2.4659420566160573
wtemp_clim_model,2023-01-28,2023-01-12,SUGG,normal,mu,temperature,13.172570093457944
wtemp_clim_model,2023-01-28,2023-01-12,SUGG,normal,sigma,temperature,2.4659420566160573
wtemp_clim_model,2023-01-29,2023-01-12,SUGG,normal,mu,temperature,12.728151260504202
wtemp_clim_model,2023-01-29,2023-01-12,SUGG,normal,sigma,temperature,2.4659420566160573
wtemp_clim_model,2023-01-30,2023-01-12,SUGG,normal,mu,temperature,11.909957627118644
wtemp_clim_model,2023-01-30,2023-01-12,SUGG,normal,sigma,temperature,2.4659420566160573
wtemp_clim_model,2023-01-31,2023-01-12,SUGG,normal,mu,temperature,12.06271186440678
wtemp_clim_model,2023-01-31,2023-01-12,SUGG,normal,sigma,temperature,2.4659420566160573
wtemp_clim_model,2023-02-01,2023-01-12,SUGG,normal,mu,temperature,12.515416666666669
wtemp_clim_model,2023-02-01,2023-01-12,SUGG,normal,sigma,temperature,2.4659420566160573
wtemp_clim_model,2023-02-02,2023-01-12,SUGG,normal,mu,temperature,13.046949152542371
wtemp_clim_model,2023-02-02,2023-01-12,SUGG,normal,sigma,temperature,2.4659420566160573
wtemp_clim_model,2023-02-03,2023-01-12,SUGG,normal,mu,temperature,14.489110169491523
wtemp_clim_model,2023-02-03,2023-01-12,SUGG,normal,sigma,temperature,2.4659420566160573
wtemp_clim_model,2023-02-04,2023-01-12,SUGG,normal,mu,temperature,16.09927966101695
wtemp_clim_model,2023-02-04,2023-01-12,SUGG,normal,sigma,temperature,2.4659420566160573
wtemp_clim_model,2023-02-05,2023-01-12,SUGG,normal,mu,temperature,17.230798319327732
wtemp_clim_model,2023-02-05,2023-01-12,SUGG,normal,sigma,temperature,2.4659420566160573
wtemp_clim_model,2023-02-06,2023-01-12,SUGG,normal,mu,temperature,15.822583333333334
wtemp_clim_model,2023-02-06,2023-01-12,SUGG,normal,sigma,temperature,2.4659420566160573
wtemp_clim_model,2023-02-07,2023-01-12,SUGG,normal,mu,temperature,14.77991452991453
wtemp_clim_model,2023-02-07,2023-01-12,SUGG,normal,sigma,temperature,2.4659420566160573
wtemp_clim_model,2023-02-08,2023-01-12,SUGG,normal,mu,temperature,14.221581196581196
wtemp_clim_model,2023-02-08,2023-01-12,SUGG,normal,sigma,temperature,2.4659420566160573
wtemp_clim_model,2023-02-09,2023-01-12,SUGG,normal,mu,temperature,13.997791666666666
wtemp_clim_model,2023-02-09,2023-01-12,SUGG,normal,sigma,temperature,2.4659420566160573
wtemp_clim_model,2023-02-10,2023-01-12,SUGG,normal,mu,temperature,14.151638655462184
wtemp_clim_model,2023-02-10,2023-01-12,SUGG,normal,sigma,temperature,2.4659420566160573
wtemp_clim_model,2023-02-11,2023-01-12,SUGG,normal,mu,temperature,14.669831932773109
wtemp_clim_model,2023-02-11,2023-01-12,SUGG,normal,sigma,temperature,2.4659420566160573
wtemp_clim_model,2023-01-13,2023-01-12,TOOK,normal,mu,temperature,NA
wtemp_clim_model,2023-01-13,2023-01-12,TOOK,normal,sigma,temperature,2.6013768044014967
wtemp_clim_model,2023-01-14,2023-01-12,TOOK,normal,mu,temperature,NA
wtemp_clim_model,2023-01-14,2023-01-12,TOOK,normal,sigma,temperature,2.6013768044014967
wtemp_clim_model,2023-01-15,2023-01-12,TOOK,normal,mu,temperature,NA
wtemp_clim_model,2023-01-15,2023-01-12,TOOK,normal,sigma,temperature,2.6013768044014967
wtemp_clim_model,2023-01-16,2023-01-12,TOOK,normal,mu,temperature,NA
wtemp_clim_model,2023-01-16,2023-01-12,TOOK,normal,sigma,temperature,2.6013768044014967
wtemp_clim_model,2023-01-17,2023-01-12,TOOK,normal,mu,temperature,NA
wtemp_clim_model,2023-01-17,2023-01-12,TOOK,normal,sigma,temperature,2.6013768044014967
wtemp_clim_model,2023-01-18,2023-01-12,TOOK,normal,mu,temperature,NA
wtemp_clim_model,2023-01-18,2023-01-12,TOOK,normal,sigma,temperature,2.6013768044014967
wtemp_clim_model,2023-01-19,2023-01-12,TOOK,normal,mu,temperature,NA
wtemp_clim_model,2023-01-19,2023-01-12,TOOK,normal,sigma,temperature,2.6013768044014967
wtemp_clim_model,2023-01-20,2023-01-12,TOOK,normal,mu,temperature,NA
wtemp_clim_model,2023-01-20,2023-01-12,TOOK,normal,sigma,temperature,2.6013768044014967
wtemp_clim_model,2023-01-21,2023-01-12,TOOK,normal,mu,temperature,NA
wtemp_clim_model,2023-01-21,2023-01-12,TOOK,normal,sigma,temperature,2.6013768044014967
wtemp_clim_model,2023-01-22,2023-01-12,TOOK,normal,mu,temperature,NA
wtemp_clim_model,2023-01-22,2023-01-12,TOOK,normal,sigma,temperature,2.6013768044014967
wtemp_clim_model,2023-01-23,2023-01-12,TOOK,normal,mu,temperature,NA
wtemp_clim_model,2023-01-23,2023-01-12,TOOK,normal,sigma,temperature,2.6013768044014967
wtemp_clim_model,2023-01-24,2023-01-12,TOOK,normal,mu,temperature,NA
wtemp_clim_model,2023-01-24,2023-01-12,TOOK,normal,sigma,temperature,2.6013768044014967
wtemp_clim_model,2023-01-25,2023-01-12,TOOK,normal,mu,temperature,NA
wtemp_clim_model,2023-01-25,2023-01-12,TOOK,normal,sigma,temperature,2.6013768044014967
wtemp_clim_model,2023-01-26,2023-01-12,TOOK,normal,mu,temperature,NA
wtemp_clim_model,2023-01-26,2023-01-12,TOOK,normal,sigma,temperature,2.6013768044014967
wtemp_clim_model,2023-01-27,2023-01-12,TOOK,normal,mu,temperature,NA
wtemp_clim_model,2023-01-27,2023-01-12,TOOK,normal,sigma,temperature,2.6013768044014967
wtemp_clim_model,2023-01-28,2023-01-12,TOOK,normal,mu,temperature,NA
wtemp_clim_model,2023-01-28,2023-01-12,TOOK,normal,sigma,temperature,2.6013768044014967
wtemp_clim_model,2023-01-29,2023-01-12,TOOK,normal,mu,temperature,NA
wtemp_clim_model,2023-01-29,2023-01-12,TOOK,normal,sigma,temperature,2.6013768044014967
wtemp_clim_model,2023-01-30,2023-01-12,TOOK,normal,mu,temperature,NA
wtemp_clim_model,2023-01-30,2023-01-12,TOOK,normal,sigma,temperature,2.6013768044014967
wtemp_clim_model,2023-01-31,2023-01-12,TOOK,normal,mu,temperature,NA
wtemp_clim_model,2023-01-31,2023-01-12,TOOK,normal,sigma,temperature,2.6013768044014967
wtemp_clim_model,2023-02-01,2023-01-12,TOOK,normal,mu,temperature,NA
wtemp_clim_model,2023-02-01,2023-01-12,TOOK,normal,sigma,temperature,2.6013768044014967
wtemp_clim_model,2023-02-02,2023-01-12,TOOK,normal,mu,temperature,NA
wtemp_clim_model,2023-02-02,2023-01-12,TOOK,normal,sigma,temperature,2.6013768044014967
wtemp_clim_model,2023-02-03,2023-01-12,TOOK,normal,mu,temperature,NA
wtemp_clim_model,2023-02-03,2023-01-12,TOOK,normal,sigma,temperature,2.6013768044014967
wtemp_clim_model,2023-02-04,2023-01-12,TOOK,normal,mu,temperature,NA
wtemp_clim_model,2023-02-04,2023-01-12,TOOK,normal,sigma,temperature,2.6013768044014967
wtemp_clim_model,2023-02-05,2023-01-12,TOOK,normal,mu,temperature,NA
wtemp_clim_model,2023-02-05,2023-01-12,TOOK,normal,sigma,temperature,2.6013768044014967
wtemp_clim_model,2023-02-06,2023-01-12,TOOK,normal,mu,temperature,NA
wtemp_clim_model,2023-02-06,2023-01-12,TOOK,normal,sigma,temperature,2.6013768044014967
wtemp_clim_model,2023-02-07,2023-01-12,TOOK,normal,mu,temperature,NA
wtemp_clim_model,2023-02-07,2023-01-12,TOOK,normal,sigma,temperature,2.6013768044014967
wtemp_clim_model,2023-02-08,2023-01-12,TOOK,normal,mu,temperature,NA
wtemp_clim_model,2023-02-08,2023-01-12,TOOK,normal,sigma,temperature,2.6013768044014967
wtemp_clim_model,2023-02-09,2023-01-12,TOOK,normal,mu,temperature,NA
wtemp_clim_model,2023-02-09,2023-01-12,TOOK,normal,sigma,temperature,2.6013768044014967
wtemp_clim_model,2023-02-10,2023-01-12,TOOK,normal,mu,temperature,NA
wtemp_clim_model,2023-02-10,2023-01-12,TOOK,normal,sigma,temperature,2.6013768044014967
wtemp_clim_model,2023-02-11,2023-01-12,TOOK,normal,mu,temperature,NA
wtemp_clim_model,2023-02-11,2023-01-12,TOOK,normal,sigma,temperature,2.6013768044014967
